{
  "linear_regression": {
    "mean_squared_error": {
      "mean": 0.004204344954592877,
      "std": 0.0019966452873585497
    },
    "mean_absolute_error": {
      "mean": 0.03655869060361057,
      "std": 0.0017790760366146277
    },
    "r2": {
      "mean": 0.8192450308064056,
      "std": 0.1052111310495358
    },
    "training_time": 4.2133002281188965
  },
  "ridge": {
    "mean_squared_error": {
      "mean": 0.00283652108146179,
      "std": 0.0012617309270890032
    },
    "mean_absolute_error": {
      "mean": 0.03371679571341233,
      "std": 0.001895673865248503
    },
    "r2": {
      "mean": 0.8821029337389635,
      "std": 0.06251931894539467
    },
    "training_time": 1.1137559413909912
  },
  "lasso": {
    "mean_squared_error": {
      "mean": 0.008163402844951834,
      "std": 0.0009721701745942303
    },
    "mean_absolute_error": {
      "mean": 0.06497908967984398,
      "std": 0.0036363320754473722
    },
    "r2": {
      "mean": 0.6718361490060951,
      "std": 0.020665345369276458
    },
    "training_time": 0.18377375602722168
  },
  "elastic_net": {
    "mean_squared_error": {
      "mean": 0.008025914870134947,
      "std": 0.0009275522490851106
    },
    "mean_absolute_error": {
      "mean": 0.06436450013450938,
      "std": 0.003646361319355431
    },
    "r2": {
      "mean": 0.6770273315652624,
      "std": 0.02374953317461755
    },
    "training_time": 0.1726515293121338
  },
  "bayesian_ridge": {
    "mean_squared_error": {
      "mean": 0.0028889755188566514,
      "std": 0.0012120754405460356
    },
    "mean_absolute_error": {
      "mean": 0.03401880625947095,
      "std": 0.0016498865950134178
    },
    "r2": {
      "mean": 0.8803532408828648,
      "std": 0.060124133128937045
    },
    "training_time": 0.21985554695129395
  },
  "huber": {
    "mean_squared_error": {
      "mean": 0.010602856325224775,
      "std": 0.0011237551042232586
    },
    "mean_absolute_error": {
      "mean": 0.07573785130483403,
      "std": 0.0035604182404882314
    },
    "r2": {
      "mean": 0.5731995449697769,
      "std": 0.025971925289187178
    },
    "training_time": 0.554431676864624
  },
  "random_forest": {
    "mean_squared_error": {
      "mean": 0.0031418119740407218,
      "std": 0.0007891691706981533
    },
    "mean_absolute_error": {
      "mean": 0.03691207823672425,
      "std": 0.0032749957763232927
    },
    "r2": {
      "mean": 0.8720647002992596,
      "std": 0.03869465210300921
    },
    "training_time": 7.857055187225342
  },
  "extra_trees": {
    "mean_squared_error": {
      "mean": 0.002997618230222787,
      "std": 0.0005274169934100028
    },
    "mean_absolute_error": {
      "mean": 0.03573441256231391,
      "std": 0.0016809638249986381
    },
    "r2": {
      "mean": 0.8781010240478937,
      "std": 0.027463724918516598
    },
    "training_time": 5.764897584915161
  },
  "gradient_boosting": {
    "mean_squared_error": {
      "mean": 0.0027741048324047947,
      "std": 0.0005896259238968106
    },
    "mean_absolute_error": {
      "mean": 0.0346461842388912,
      "std": 0.0027297950997414774
    },
    "r2": {
      "mean": 0.8870168942616061,
      "std": 0.029985680906151085
    },
    "training_time": 5.474108934402466
  },
  "xgboost": {
    "mean_squared_error": {
      "mean": 0.0032251587669551987,
      "std": 0.000516966347049097
    },
    "mean_absolute_error": {
      "mean": 0.038364623123233285,
      "std": 0.003042264619569493
    },
    "r2": {
      "mean": 0.869343521334363,
      "std": 0.024432524139700998
    },
    "training_time": 4.932117462158203
  },
  "lightgbm": {
    "mean_squared_error": {
      "mean": 0.0028708773650147224,
      "std": 0.0006792531951190697
    },
    "mean_absolute_error": {
      "mean": 0.035285884980089735,
      "std": 0.002910245329274382
    },
    "r2": {
      "mean": 0.8830375726143307,
      "std": 0.03396279087255723
    },
    "training_time": 6.136553764343262
  },
  "catboost": {
    "mean_squared_error": {
      "mean": 0.00237438857651487,
      "std": 0.00045046484522780054
    },
    "mean_absolute_error": {
      "mean": 0.03175960610483296,
      "std": 0.0022206657604596355
    },
    "r2": {
      "mean": 0.9039043077211655,
      "std": 0.020895399375125696
    },
    "training_time": 43.65892696380615
  },
  "neural_network": {
    "mean_squared_error": {
      "mean": 602050.463094119,
      "std": 112903.45583703902
    },
    "mean_absolute_error": {
      "mean": 485.43456614443784,
      "std": 102.2545775106567
    },
    "r2": {
      "mean": -25010158.985630922,
      "std": 7283158.7000435805
    },
    "training_time": 13.573005676269531
  },
  "svr": {
    "mean_squared_error": {
      "mean": 0.02441415651769031,
      "std": 0.003241704951482415
    },
    "mean_absolute_error": {
      "mean": 0.12090825344498382,
      "std": 0.007796735136654491
    },
    "r2": {
      "mean": 0.022347350397509035,
      "std": 0.004131416494298891
    },
    "training_time": 0.4802360534667969
  }
}