{
  "gradient_boosting": {
    "rmse_mean": 0.050282558852615844,
    "rmse_std": 0.005559317991620777,
    "mae_mean": 0.032809259806665735,
    "mae_std": 0.0021306204885062595,
    "r2_mean": 0.8952833239874488,
    "r2_std": 0.03104428529829052
  },
  "ridge": {
    "rmse_mean": 0.05215367736302758,
    "rmse_std": 0.010605791104871405,
    "mae_mean": 0.03367395124697847,
    "mae_std": 0.001906630784960959,
    "r2_mean": 0.8823571990113808,
    "r2_std": 0.06234732906944125
  },
  "lightgbm": {
    "rmse_mean": 0.05328884756911088,
    "rmse_std": 0.004628964757280814,
    "mae_mean": 0.036106704299283386,
    "mae_std": 0.0025555793218516366,
    "r2_mean": 0.8831457757541891,
    "r2_std": 0.02880214927344646
  },
  "catboost": {
    "rmse_mean": 0.04850615941366856,
    "rmse_std": 0.004641236414000363,
    "mae_mean": 0.03175960610483296,
    "mae_std": 0.0022206657604596355,
    "r2_mean": 0.9039043077211655,
    "r2_std": 0.020895399375125696
  },
  "bayesian_ridge": {
    "rmse_mean": 0.05277625537009105,
    "rmse_std": 0.010180490556333027,
    "mae_mean": 0.03401880625947095,
    "mae_std": 0.0016498865950134178,
    "r2_mean": 0.8803532408828648,
    "r2_std": 0.060124133128937045
  },
  "ensemble_voting_regressor": {
    "rmse_mean": 0.048518203084109104,
    "rmse_std": 0.007013536491093064,
    "mae_mean": 0.03100330206441058,
    "mae_std": 0.0020207107523087333,
    "r2_mean": 0.9014182508245165,
    "r2_std": 0.03726352465693163
  },
  "best_model": "catboost"
}