{
  "execution_time_minutes": 24.05804169178009,
  "best_model": "catboost",
  "best_rmse": 0.04850615941366856,
  "models_evaluated": 6,
  "predictions_generated": 1459,
  "timestamp": "2025-09-06 16:11:31"
}