Statistic,Value
Mean,180921.19589041095
Median,163000.0
Min,34900.0
Max,755000.0
Std_Dev,79442.50288288662
Skewness,1.880940746034036
Kurtosis,6.509812011089439
