Feature,Min_Year,Max_Year,Range,Mean_Year,Missing_Count
YearBuilt,1872.0,2010.0,138.0,1971.267808219178,0
YearRemodAdd,1950.0,2010.0,60.0,1984.8657534246574,0
GarageYrBlt,1900.0,2010.0,110.0,1978.5061638868744,81
YrSold,2006.0,2010.0,4.0,2007.8157534246575,0
